<?xml version="1.0" encoding="UTF-8"?>
<project-private xmlns="http://www.netbeans.org/ns/project-private/1">
    <editor-bookmarks xmlns="http://www.netbeans.org/ns/editor-bookmarks/1"/>
    <editor-bookmarks xmlns="http://www.netbeans.org/ns/editor-bookmarks/2" lastBookmarkId="0"/>
    <open-files xmlns="http://www.netbeans.org/ns/projectui-open-files/2">
        <group>
            <file>file:/C:/Projects/examshow/nbproject/build-impl.xml</file>
            <file>file:/C:/Projects/examshow/src/java/facultypasschange.java</file>
            <file>file:/C:/Projects/examshow/src/java/studentlogin.java</file>
            <file>file:/C:/Projects/examshow/web/showpaper.jsp</file>
        </group>
    </open-files>
</project-private>
